#Creacion de la base de datos.
#Base de datos desarrollada por: Angel Alejandro Galaviz Rivera 2004124

CREATE DATABASE Visualización_de_datos_y_desarrollo_de_escritorio;

DROP DATABASE Visualización_de_datos_y_desarrollo_de_escritorio;

USE Visualización_de_datos_y_desarrollo_de_escritorio;

CREATE TABLE PAIS
(ID_PAIS TINYINT PRIMARY KEY,
PAIS VARCHAR(50)
);

CREATE TABLE REGION
(ID_REGION TINYINT PRIMARY KEY,
REGION VARCHAR(50)
);

CREATE TABLE INTERES
(ID_TEMA TINYINT PRIMARY KEY,
TEMA VARCHAR(50)
);


CREATE TABLE INTERESADOS
(ID_INTERESADOS SMALLINT PRIMARY KEY,
ID_PAIS TINYINT,
ID_REGION  TINYINT,
ID_TEMA TINYINT,
CONSTRAINT INTERESADOS_FK_PAIS FOREIGN KEY (ID_PAIS) REFERENCES PAIS(ID_PAIS),
CONSTRAINT INTERESADOS_FK_REGION FOREIGN KEY (ID_REGION) REFERENCES REGION(ID_REGION),
CONSTRAINT INTERESADOS_FK_TEMA FOREIGN KEY (ID_TEMA) REFERENCES INTERES(ID_TEMA)
);

# Registros de tabla PAIS
INSERT INTO PAIS
VALUES (1,'Antigua y Barbuda');

INSERT INTO PAIS
VALUES (2,'Argentina');

INSERT INTO PAIS
VALUES (3,'Bahamas');

INSERT INTO PAIS
VALUES (4,'Barbados');

INSERT INTO PAIS
VALUES (5,'Belice');

INSERT INTO PAIS
VALUES (6,'Bolivia');

INSERT INTO PAIS
VALUES (7,'Brasil');

INSERT INTO PAIS
VALUES (8,'Colombia');

INSERT INTO PAIS
VALUES (9,'Costa Rica');

INSERT INTO PAIS
VALUES (11,'Chile');

INSERT INTO PAIS
VALUES (12,'Dominica');

INSERT INTO PAIS
VALUES (13,'Ecuador');

INSERT INTO PAIS
VALUES (14,'El Salvador');

INSERT INTO PAIS
VALUES (15,'Granada');

INSERT INTO PAIS
VALUES (16,'Guatemala');

INSERT INTO PAIS
VALUES (17,'Guyana');

INSERT INTO PAIS
VALUES (18,'Haití');

INSERT INTO PAIS
VALUES (19,'Honduras');

INSERT INTO PAIS
VALUES (20,'Jamaica');

INSERT INTO PAIS
VALUES (21,'Mexico');

INSERT INTO PAIS
VALUES (22,' Nicaragua');

INSERT INTO PAIS
VALUES (23,'Panamá');

INSERT INTO PAIS
VALUES (24,'Paraguay');

INSERT INTO PAIS
VALUES (25,'Perú');

INSERT INTO PAIS
VALUES (26,'República Dominicana');

INSERT INTO PAIS
VALUES (27,'San Cristóbal y Nieves');

INSERT INTO PAIS
VALUES (28,'San Vicente y las Granadinas');

INSERT INTO PAIS
VALUES (29,'Santa Lucía');

INSERT INTO PAIS
VALUES (30,'Surinam');

INSERT INTO PAIS
VALUES (31,'Trinidad y Tobago');

INSERT INTO PAIS
VALUES (32,'Uruguay y Venezuela');


#Registros tabla REGION
INSERT INTO REGION
VALUES (1,'Aguascalientes');

INSERT INTO REGION
VALUES (2,'Baja California');

INSERT INTO REGION
VALUES (3,'Baja California Sur');

INSERT INTO REGION
VALUES (4,'Campeche');

INSERT INTO REGION
VALUES (5,'Chiapas');

INSERT INTO REGION
VALUES (6,'Chihuahua');

INSERT INTO REGION
VALUES (7,'Ciudad de Mexico');

INSERT INTO REGION
VALUES (8,'Coahuila de Zaragoza');

INSERT INTO REGION
VALUES (9,'Colima');

INSERT INTO REGION
VALUES (10,'Durango');

INSERT INTO REGION
VALUES (11,'Estado de Mexico');

INSERT INTO REGION
VALUES (12,'Guanajuato');

INSERT INTO REGION
VALUES (13,'Guerrero');

INSERT INTO REGION
VALUES (14,'Hidalgo');

INSERT INTO REGION
VALUES (15,'Jalisco');

INSERT INTO REGION
VALUES (16,'Michoacan');

INSERT INTO REGION
VALUES (17,'Morelos');

INSERT INTO REGION
VALUES (18,'Nayarit');

INSERT INTO REGION
VALUES (19,'Nuevo Leon');

INSERT INTO REGION
VALUES (20,'Oaxaca');

INSERT INTO REGION
VALUES (21,'Puebla');

INSERT INTO REGION
VALUES (22,'Queretaro');

INSERT INTO REGION
VALUES (23,'Quintana Roo');

INSERT INTO REGION
VALUES (24,'San Luis Potosi');

INSERT INTO REGION
VALUES (25,'Sinaloa');

INSERT INTO REGION
VALUES (26,'Sonora');

INSERT INTO REGION
VALUES (27,'Tabasco');

INSERT INTO REGION
VALUES (28,'Tamaulipas');

INSERT INTO REGION
VALUES (29,'Tlaxcala');

INSERT INTO REGION
VALUES (30,'Veracruz');

INSERT INTO REGION
VALUES (31,'Yucatan');

INSERT INTO REGION
VALUES (32,'Zacatecas');


#Registros de la Tabla INTERES
INSERT INTO INTERES
VALUES (1,'Aficiones y tiempo libre');

INSERT INTO INTERES
VALUES (2,'Alimentacion y bebidas');

INSERT INTO INTERES
VALUES (3,'Animales y Mascotas');

INSERT INTO INTERES
VALUES (4,'Arte y entretenimiento');

INSERT INTO INTERES
VALUES (5,'Automoviles y Vehiculos');

INSERT INTO INTERES
VALUES (6,'Belleza y salud');

INSERT INTO INTERES
VALUES (7,'Casa y Jardin');

INSERT INTO INTERES
VALUES (8,'Ciencias');

INSERT INTO INTERES
VALUES (9,'Compras');

INSERT INTO INTERES
VALUES (10,'Comunidades online');

INSERT INTO INTERES
VALUES (11,'Deportes');

INSERT INTO INTERES
VALUES (12,'Empleo y educacion');

INSERT INTO INTERES
VALUES (13,'Empresas y industrias');

INSERT INTO INTERES
VALUES (14,'Finanzas');

INSERT INTO INTERES
VALUES (15,'Gente y Sociedad');

INSERT INTO INTERES
VALUES (16,'Google Noticias');

INSERT INTO INTERES
VALUES (17,'Informatica y Electronica');

INSERT INTO INTERES
VALUES (18,'Internet y telecomunicaciones');

INSERT INTO INTERES
VALUES (19,'Juegos');

INSERT INTO INTERES
VALUES (20,'Ley de Gobierno');

INSERT INTO INTERES
VALUES (21,'Libros y Literatura');

INSERT INTO INTERES
VALUES (22,'Mercado inmobiliario');

INSERT INTO INTERES
VALUES (23,'Referencia');

INSERT INTO INTERES
VALUES (24,'Salud');

INSERT INTO INTERES
VALUES (25,'Viajes');



#Registros de la tabla INTERESADOS
INSERT INTO INTERESADOS
VALUES (1,21,28,1);

INSERT INTO INTERESADOS
VALUES (2,21,28,1);

INSERT INTO INTERESADOS
VALUES (3,21,28,1);

INSERT INTO INTERESADOS
VALUES (4,21,28,1);

INSERT INTO INTERESADOS
VALUES (5,21,28,1);

INSERT INTO INTERESADOS
VALUES (6,21,28,1);

INSERT INTO INTERESADOS
VALUES (7,21,28,1);

INSERT INTO INTERESADOS
VALUES (8,21,28,1);

INSERT INTO INTERESADOS
VALUES (9,21,28,1);

INSERT INTO INTERESADOS
VALUES (10,21,28,1);

INSERT INTO INTERESADOS
VALUES (11,21,24,1);

INSERT INTO INTERESADOS
VALUES (12,21,24,1);

INSERT INTO INTERESADOS
VALUES (13,21,24,1);

INSERT INTO INTERESADOS
VALUES (14,21,24,1);

INSERT INTO INTERESADOS
VALUES (15,21,24,1);

INSERT INTO INTERESADOS
VALUES (16,21,24,1);

INSERT INTO INTERESADOS
VALUES (17,21,24,1);

INSERT INTO INTERESADOS
VALUES (18,21,24,1);

INSERT INTO INTERESADOS
VALUES (19,21,31,1);

INSERT INTO INTERESADOS
VALUES (20,21,31,1);

INSERT INTO INTERESADOS
VALUES (21,21,31,1);

INSERT INTO INTERESADOS
VALUES (22,21,31,1);

INSERT INTO INTERESADOS
VALUES (23,21,31,1);

INSERT INTO INTERESADOS
VALUES (24,21,31,1);

INSERT INTO INTERESADOS
VALUES (25,21,8,1);

INSERT INTO INTERESADOS
VALUES (26,21,8,1);

INSERT INTO INTERESADOS
VALUES (27,21,8,1);

INSERT INTO INTERESADOS
VALUES (28,21,8,1);

INSERT INTO INTERESADOS
VALUES (29,21,8,1);

INSERT INTO INTERESADOS
VALUES (30,21,8,1);

INSERT INTO INTERESADOS
VALUES (31,21,1,1);

INSERT INTO INTERESADOS
VALUES (32,21,1,1);

INSERT INTO INTERESADOS
VALUES (33,21,1,1);

INSERT INTO INTERESADOS
VALUES (34,21,1,1);

INSERT INTO INTERESADOS
VALUES (35,21,1,1);

INSERT INTO INTERESADOS
VALUES (36,21,4,2);

INSERT INTO INTERESADOS
VALUES (37,21,4,2);

INSERT INTO INTERESADOS
VALUES (38,21,4,2);

INSERT INTO INTERESADOS
VALUES (39,21,4,2);

INSERT INTO INTERESADOS
VALUES (40,21,4,2);

INSERT INTO INTERESADOS
VALUES (41,21,4,2);

INSERT INTO INTERESADOS
VALUES (42,21,4,2);

INSERT INTO INTERESADOS
VALUES (43,21,4,2);

INSERT INTO INTERESADOS
VALUES (44,21,4,2);

INSERT INTO INTERESADOS
VALUES (45,21,4,2);

INSERT INTO INTERESADOS
VALUES (46,21,27,2);

INSERT INTO INTERESADOS
VALUES (47,21,27,2);

INSERT INTO INTERESADOS
VALUES (48,21,27,2);

INSERT INTO INTERESADOS
VALUES (49,21,27,2);

INSERT INTO INTERESADOS
VALUES (50,21,27,2);

INSERT INTO INTERESADOS
VALUES (51,21,27,2);

INSERT INTO INTERESADOS
VALUES (52,21,27,2);

INSERT INTO INTERESADOS
VALUES (53,21,1,2);

INSERT INTO INTERESADOS
VALUES (54,21,1,2);

INSERT INTO INTERESADOS
VALUES (55,21,1,2);

INSERT INTO INTERESADOS
VALUES (56,21,1,2);

INSERT INTO INTERESADOS
VALUES (57,21,1,2);

INSERT INTO INTERESADOS
VALUES (58,21,1,2);

INSERT INTO INTERESADOS
VALUES (59,21,24,2);

INSERT INTO INTERESADOS
VALUES (60,21,24,2);

INSERT INTO INTERESADOS
VALUES (61,21,24,2);

INSERT INTO INTERESADOS
VALUES (62,21,24,2);

INSERT INTO INTERESADOS
VALUES (63,21,24,2);

INSERT INTO INTERESADOS
VALUES (64,21,24,2);

INSERT INTO INTERESADOS
VALUES (65,21,9,2);

INSERT INTO INTERESADOS
VALUES (66,21,9,2);

INSERT INTO INTERESADOS
VALUES (67,21,9,2);

INSERT INTO INTERESADOS
VALUES (68,21,9,2);

INSERT INTO INTERESADOS
VALUES (69,21,9,2);

INSERT INTO INTERESADOS
VALUES (70,21,32,3);

INSERT INTO INTERESADOS
VALUES (71,21,32,3);

INSERT INTO INTERESADOS
VALUES (72,21,32,3);

INSERT INTO INTERESADOS
VALUES (73,21,32,3);

INSERT INTO INTERESADOS
VALUES (74,21,32,3);

INSERT INTO INTERESADOS
VALUES (75,21,32,3);

INSERT INTO INTERESADOS
VALUES (76,21,32,3);

INSERT INTO INTERESADOS
VALUES (77,21,32,3);

INSERT INTO INTERESADOS
VALUES (78,21,32,3);

INSERT INTO INTERESADOS
VALUES (79,21,32,3);

INSERT INTO INTERESADOS
VALUES (80,21,1,3);

INSERT INTO INTERESADOS
VALUES (81,21,1,3);

INSERT INTO INTERESADOS
VALUES (82,21,1,3);

INSERT INTO INTERESADOS
VALUES (83,21,1,3);

INSERT INTO INTERESADOS
VALUES (84,21,1,3);

INSERT INTO INTERESADOS
VALUES (85,21,1,3);

INSERT INTO INTERESADOS
VALUES (86,21,1,3);

INSERT INTO INTERESADOS
VALUES (87,21,1,3);

INSERT INTO INTERESADOS
VALUES (88,21,1,3);

INSERT INTO INTERESADOS
VALUES (89,21,23,3);

INSERT INTO INTERESADOS
VALUES (100,21,23,3);

INSERT INTO INTERESADOS
VALUES (101,21,23,3);

INSERT INTO INTERESADOS
VALUES (102,21,23,3);

INSERT INTO INTERESADOS
VALUES (103,21,23,3);

INSERT INTO INTERESADOS
VALUES (104,21,23,3);

INSERT INTO INTERESADOS
VALUES (105,21,27,3);

INSERT INTO INTERESADOS
VALUES (106,21,27,3);

INSERT INTO INTERESADOS
VALUES (107,21,27,3);

INSERT INTO INTERESADOS
VALUES (108,21,27,3);

INSERT INTO INTERESADOS
VALUES (109,21,27,3);

INSERT INTO INTERESADOS
VALUES (110,21,4,3);

INSERT INTO INTERESADOS
VALUES (111,21,4,3);

INSERT INTO INTERESADOS
VALUES (112,21,4,3);

INSERT INTO INTERESADOS
VALUES (113,21,4,3);

INSERT INTO INTERESADOS
VALUES (114,21,28,4);

INSERT INTO INTERESADOS
VALUES (115,21,28,4);

INSERT INTO INTERESADOS
VALUES (116,21,28,4);

INSERT INTO INTERESADOS
VALUES (117,21,28,4);

INSERT INTO INTERESADOS
VALUES (118,21,28,4);

INSERT INTO INTERESADOS
VALUES (119,21,28,4);

INSERT INTO INTERESADOS
VALUES (120,21,28,4);

INSERT INTO INTERESADOS
VALUES (121,21,28,4);

INSERT INTO INTERESADOS
VALUES (122,21,28,4);

INSERT INTO INTERESADOS
VALUES (123,21,28,4);

INSERT INTO INTERESADOS
VALUES (124,21,24,4);

INSERT INTO INTERESADOS
VALUES (125,21,24,4);

INSERT INTO INTERESADOS
VALUES (126,21,24,4);

INSERT INTO INTERESADOS
VALUES (127,21,24,4);

INSERT INTO INTERESADOS
VALUES (128,21,24,4);

INSERT INTO INTERESADOS
VALUES (129,21,24,4);

INSERT INTO INTERESADOS
VALUES (130,21,24,4);

INSERT INTO INTERESADOS
VALUES (131,21,24,4);

INSERT INTO INTERESADOS
VALUES (132,21,24,4);

INSERT INTO INTERESADOS
VALUES (133,21,8,4);

INSERT INTO INTERESADOS
VALUES (134,21,8,4);

INSERT INTO INTERESADOS
VALUES (135,21,8,4);

INSERT INTO INTERESADOS
VALUES (136,21,8,4);

INSERT INTO INTERESADOS
VALUES (137,21,8,4);

INSERT INTO INTERESADOS
VALUES (138,21,8,4);

INSERT INTO INTERESADOS
VALUES (139,21,8,4);

INSERT INTO INTERESADOS
VALUES (140,21,8,4);

INSERT INTO INTERESADOS
VALUES (141,21,31,4);

INSERT INTO INTERESADOS
VALUES (142,21,31,4);

INSERT INTO INTERESADOS
VALUES (143,21,31,4);

INSERT INTO INTERESADOS
VALUES (144,21,31,4);

INSERT INTO INTERESADOS
VALUES (145,21,31,4);

INSERT INTO INTERESADOS
VALUES (146,21,31,4);

INSERT INTO INTERESADOS
VALUES (147,21,31,4);

INSERT INTO INTERESADOS
VALUES (148,21,32,4);

INSERT INTO INTERESADOS
VALUES (149,21,32,4);

INSERT INTO INTERESADOS
VALUES (150,21,32,4);

INSERT INTO INTERESADOS
VALUES (151,21,32,4);

INSERT INTO INTERESADOS
VALUES (152,21,32,4);

INSERT INTO INTERESADOS
VALUES (153,21,32,4);

INSERT INTO INTERESADOS
VALUES (154,21,32,4);

INSERT INTO INTERESADOS
VALUES (155,21,32,4);

INSERT INTO INTERESADOS
VALUES (156,21,4,5);

INSERT INTO INTERESADOS
VALUES (157,21,4,5);

INSERT INTO INTERESADOS
VALUES (158,21,4,5);

INSERT INTO INTERESADOS
VALUES (159,21,4,5);

INSERT INTO INTERESADOS
VALUES (160,21,4,5);

INSERT INTO INTERESADOS
VALUES (161,21,4,5);

INSERT INTO INTERESADOS
VALUES (162,21,4,5);

INSERT INTO INTERESADOS
VALUES (163,21,4,5);

INSERT INTO INTERESADOS
VALUES (164,21,4,5);

INSERT INTO INTERESADOS
VALUES (165,21,4,5);

INSERT INTO INTERESADOS
VALUES (166,21,4,5);

INSERT INTO INTERESADOS
VALUES (167,21,24,5);

INSERT INTO INTERESADOS
VALUES (168,21,24,5);

INSERT INTO INTERESADOS
VALUES (169,21,24,5);

INSERT INTO INTERESADOS
VALUES (170,21,24,5);

INSERT INTO INTERESADOS
VALUES (171,21,24,5);

INSERT INTO INTERESADOS
VALUES (172,21,24,5);

INSERT INTO INTERESADOS
VALUES (173,21,24,5);

INSERT INTO INTERESADOS
VALUES (174,21,24,5);

INSERT INTO INTERESADOS
VALUES (175,21,27,5);

INSERT INTO INTERESADOS
VALUES (176,21,27,5);

INSERT INTO INTERESADOS
VALUES (177,21,27,5);

INSERT INTO INTERESADOS
VALUES (178,21,27,5);

INSERT INTO INTERESADOS
VALUES (179,21,27,5);

INSERT INTO INTERESADOS
VALUES (180,21,27,5);

INSERT INTO INTERESADOS
VALUES (181,21,27,5);

INSERT INTO INTERESADOS
VALUES (182,21,32,5);

INSERT INTO INTERESADOS
VALUES (183,21,32,5);

INSERT INTO INTERESADOS
VALUES (184,21,32,5);

INSERT INTO INTERESADOS
VALUES (185,21,32,5);

INSERT INTO INTERESADOS
VALUES (186,21,32,5);

INSERT INTO INTERESADOS
VALUES (187,21,5,5);

INSERT INTO INTERESADOS
VALUES (188,21,5,5);

INSERT INTO INTERESADOS
VALUES (189,21,5,5);

INSERT INTO INTERESADOS
VALUES (190,21,5,5);

INSERT INTO INTERESADOS
VALUES (191,21,5,5);

INSERT INTO INTERESADOS
VALUES (192,21,5,6);

INSERT INTO INTERESADOS
VALUES (193,21,5,6);

INSERT INTO INTERESADOS
VALUES (194,21,5,6);

INSERT INTO INTERESADOS
VALUES (195,21,5,6);

INSERT INTO INTERESADOS
VALUES (196,21,5,6);

INSERT INTO INTERESADOS
VALUES (197,21,5,6);

INSERT INTO INTERESADOS
VALUES (198,21,5,6);

INSERT INTO INTERESADOS
VALUES (199,21,5,6);

INSERT INTO INTERESADOS
VALUES (200,21,5,6);

INSERT INTO INTERESADOS
VALUES (201,21,5,6);

INSERT INTO INTERESADOS
VALUES (202,21,27,6);

INSERT INTO INTERESADOS
VALUES (203,21,27,6);

INSERT INTO INTERESADOS
VALUES (204,21,27,6);

INSERT INTO INTERESADOS
VALUES (205,21,27,6);

INSERT INTO INTERESADOS
VALUES (206,21,27,6);

INSERT INTO INTERESADOS
VALUES (207,21,27,6);

INSERT INTO INTERESADOS
VALUES (208,21,27,6);

INSERT INTO INTERESADOS
VALUES (209,21,27,6);

INSERT INTO INTERESADOS
VALUES (210,21,27,6);

INSERT INTO INTERESADOS
VALUES (211,21,32,6);

INSERT INTO INTERESADOS
VALUES (212,21,32,6);

INSERT INTO INTERESADOS
VALUES (213,21,32,6);

INSERT INTO INTERESADOS
VALUES (214,21,32,6);

INSERT INTO INTERESADOS
VALUES (215,21,32,6);

INSERT INTO INTERESADOS
VALUES (216,21,32,6);

INSERT INTO INTERESADOS
VALUES (217,21,32,6);

INSERT INTO INTERESADOS
VALUES (218,21,13,6);

INSERT INTO INTERESADOS
VALUES (219,21,13,6);

INSERT INTO INTERESADOS
VALUES (220,21,13,6);

INSERT INTO INTERESADOS
VALUES (221,21,13,6);

INSERT INTO INTERESADOS
VALUES (222,21,13,6);

INSERT INTO INTERESADOS
VALUES (223,21,13,6);

INSERT INTO INTERESADOS
VALUES (224,21,18,6);

INSERT INTO INTERESADOS
VALUES (225,21,18,6);

INSERT INTO INTERESADOS
VALUES (226,21,18,6);

INSERT INTO INTERESADOS
VALUES (227,21,18,6);

INSERT INTO INTERESADOS
VALUES (228,21,4,7);

INSERT INTO INTERESADOS
VALUES (229,21,4,7);

INSERT INTO INTERESADOS
VALUES (230,21,4,7);

INSERT INTO INTERESADOS
VALUES (231,21,4,7);

INSERT INTO INTERESADOS
VALUES (232,21,4,7);

INSERT INTO INTERESADOS
VALUES (233,21,4,7);

INSERT INTO INTERESADOS
VALUES (234,21,4,7);

INSERT INTO INTERESADOS
VALUES (235,21,4,7);

INSERT INTO INTERESADOS
VALUES (236,21,4,7);

INSERT INTO INTERESADOS
VALUES (237,21,4,7);

INSERT INTO INTERESADOS
VALUES (238,21,32,7);

INSERT INTO INTERESADOS
VALUES (239,21,32,7);

INSERT INTO INTERESADOS
VALUES (240,21,32,7);

INSERT INTO INTERESADOS
VALUES (241,21,32,7);

INSERT INTO INTERESADOS
VALUES (242,21,32,7);

INSERT INTO INTERESADOS
VALUES (243,21,32,7);

INSERT INTO INTERESADOS
VALUES (244,21,32,7);

INSERT INTO INTERESADOS
VALUES (245,21,32,7);

INSERT INTO INTERESADOS
VALUES (246,21,8,7);

INSERT INTO INTERESADOS
VALUES (247,21,8,7);

INSERT INTO INTERESADOS
VALUES (248,21,8,7);

INSERT INTO INTERESADOS
VALUES (249,21,8,7);

INSERT INTO INTERESADOS
VALUES (250,21,8,7);

INSERT INTO INTERESADOS
VALUES (251,21,8,7);

INSERT INTO INTERESADOS
VALUES (252,21,8,7);

INSERT INTO INTERESADOS
VALUES (253,21,24,7);

INSERT INTO INTERESADOS
VALUES (254,21,24,7);

INSERT INTO INTERESADOS
VALUES (255,21,24,7);

INSERT INTO INTERESADOS
VALUES (256,21,24,7);

INSERT INTO INTERESADOS
VALUES (257,21,24,7);

INSERT INTO INTERESADOS
VALUES (258,21,24,7);

INSERT INTO INTERESADOS
VALUES (259,21,24,7);

INSERT INTO INTERESADOS
VALUES (260,21,28,7);

INSERT INTO INTERESADOS
VALUES (261,21,28,7);

INSERT INTO INTERESADOS
VALUES (262,21,28,7);

INSERT INTO INTERESADOS
VALUES (263,21,28,7);

INSERT INTO INTERESADOS
VALUES (264,21,28,7);

INSERT INTO INTERESADOS
VALUES (265,21,28,7);

INSERT INTO INTERESADOS
VALUES (266,21,28,7);

INSERT INTO INTERESADOS
VALUES (267,21,4,8);

INSERT INTO INTERESADOS
VALUES (268,21,4,8);

INSERT INTO INTERESADOS
VALUES (269,21,4,8);

INSERT INTO INTERESADOS
VALUES (270,21,4,8);

INSERT INTO INTERESADOS
VALUES (271,21,4,8);

INSERT INTO INTERESADOS
VALUES (272,21,4,8);

INSERT INTO INTERESADOS
VALUES (273,21,4,8);

INSERT INTO INTERESADOS
VALUES (274,21,4,8);

INSERT INTO INTERESADOS
VALUES (275,21,4,8);

INSERT INTO INTERESADOS
VALUES (276,21,4,8);

INSERT INTO INTERESADOS
VALUES (277,21,18,8);

INSERT INTO INTERESADOS
VALUES (278,21,18,8);

INSERT INTO INTERESADOS
VALUES (279,21,18,8);

INSERT INTO INTERESADOS
VALUES (280,21,18,8);

INSERT INTO INTERESADOS
VALUES (281,21,18,8);

INSERT INTO INTERESADOS
VALUES (282,21,18,8);

INSERT INTO INTERESADOS
VALUES (283,21,18,8);

INSERT INTO INTERESADOS
VALUES (284,21,18,8);

INSERT INTO INTERESADOS
VALUES (285,21,22,8);

INSERT INTO INTERESADOS
VALUES (286,21,22,8);

INSERT INTO INTERESADOS
VALUES (287,21,22,8);

INSERT INTO INTERESADOS
VALUES (288,21,22,8);

INSERT INTO INTERESADOS
VALUES (289,21,22,8);

INSERT INTO INTERESADOS
VALUES (290,21,22,8);

INSERT INTO INTERESADOS
VALUES (291,21,27,8);

INSERT INTO INTERESADOS
VALUES (292,21,27,8);

INSERT INTO INTERESADOS
VALUES (293,21,27,8);

INSERT INTO INTERESADOS
VALUES (294,21,27,8);

INSERT INTO INTERESADOS
VALUES (295,21,27,8);

INSERT INTO INTERESADOS
VALUES (296,21,27,8);

INSERT INTO INTERESADOS
VALUES (297,21,3,8);

INSERT INTO INTERESADOS
VALUES (298,21,3,8);

INSERT INTO INTERESADOS
VALUES (299,21,3,8);

INSERT INTO INTERESADOS
VALUES (300,21,3,8);

INSERT INTO INTERESADOS
VALUES (301,21,28,9);

INSERT INTO INTERESADOS
VALUES (302,21,28,9);

INSERT INTO INTERESADOS
VALUES (303,21,28,9);

INSERT INTO INTERESADOS
VALUES (304,21,28,9);

INSERT INTO INTERESADOS
VALUES (305,21,28,9);

INSERT INTO INTERESADOS
VALUES (306,21,28,9);

INSERT INTO INTERESADOS
VALUES (307,21,28,9);

INSERT INTO INTERESADOS
VALUES (308,21,28,9);

INSERT INTO INTERESADOS
VALUES (309,21,28,9);

INSERT INTO INTERESADOS
VALUES (310,21,28,9);

INSERT INTO INTERESADOS
VALUES (311,21,8,9);

INSERT INTO INTERESADOS
VALUES (312,21,8,9);

INSERT INTO INTERESADOS
VALUES (313,21,8,9);

INSERT INTO INTERESADOS
VALUES (314,21,8,9);

INSERT INTO INTERESADOS
VALUES (315,21,8,9);

INSERT INTO INTERESADOS
VALUES (316,21,8,9);

INSERT INTO INTERESADOS
VALUES (317,21,8,9);

INSERT INTO INTERESADOS
VALUES (318,21,8,9);

INSERT INTO INTERESADOS
VALUES (319,21,24,9);

INSERT INTO INTERESADOS
VALUES (320,21,24,9);

INSERT INTO INTERESADOS
VALUES (321,21,24,9);

INSERT INTO INTERESADOS
VALUES (322,21,24,9);

INSERT INTO INTERESADOS
VALUES (323,21,24,9);

INSERT INTO INTERESADOS
VALUES (324,21,24,9);

INSERT INTO INTERESADOS
VALUES (325,21,24,9);

INSERT INTO INTERESADOS
VALUES (326,21,24,9);

INSERT INTO INTERESADOS
VALUES (327,21,26,9);

INSERT INTO INTERESADOS
VALUES (328,21,26,9);

INSERT INTO INTERESADOS
VALUES (329,21,26,9);

INSERT INTO INTERESADOS
VALUES (330,21,26,9);

INSERT INTO INTERESADOS
VALUES (331,21,26,9);

INSERT INTO INTERESADOS
VALUES (332,21,26,9);

INSERT INTO INTERESADOS
VALUES (333,21,26,9);

INSERT INTO INTERESADOS
VALUES (334,21,26,9);

INSERT INTO INTERESADOS
VALUES (335,21,1,9);

INSERT INTO INTERESADOS
VALUES (336,21,1,9);

INSERT INTO INTERESADOS
VALUES (337,21,1,9);

INSERT INTO INTERESADOS
VALUES (338,21,1,9);

INSERT INTO INTERESADOS
VALUES (339,21,1,9);

INSERT INTO INTERESADOS
VALUES (340,21,1,9);

INSERT INTO INTERESADOS
VALUES (341,21,1,9);

INSERT INTO INTERESADOS
VALUES (342,21,1,9);

INSERT INTO INTERESADOS
VALUES (343,21,24,10);

INSERT INTO INTERESADOS
VALUES (344,21,24,10);

INSERT INTO INTERESADOS
VALUES (345,21,24,10);

INSERT INTO INTERESADOS
VALUES (346,21,24,10);

INSERT INTO INTERESADOS
VALUES (347,21,24,10);

INSERT INTO INTERESADOS
VALUES (348,21,24,10);

INSERT INTO INTERESADOS
VALUES (349,21,24,10);

INSERT INTO INTERESADOS
VALUES (350,21,24,10);

INSERT INTO INTERESADOS
VALUES (351,21,24,10);

INSERT INTO INTERESADOS
VALUES (352,21,24,10);

INSERT INTO INTERESADOS
VALUES (353,21,1,10);

INSERT INTO INTERESADOS
VALUES (354,21,1,10);

INSERT INTO INTERESADOS
VALUES (355,21,1,10);

INSERT INTO INTERESADOS
VALUES (356,21,1,10);

INSERT INTO INTERESADOS
VALUES (357,21,1,10);

INSERT INTO INTERESADOS
VALUES (358,21,1,10);

INSERT INTO INTERESADOS
VALUES (359,21,1,10);

INSERT INTO INTERESADOS
VALUES (360,21,1,10);

INSERT INTO INTERESADOS
VALUES (361,21,27,10);

INSERT INTO INTERESADOS
VALUES (362,21,27,10);

INSERT INTO INTERESADOS
VALUES (363,21,27,10);

INSERT INTO INTERESADOS
VALUES (364,21,27,10);

INSERT INTO INTERESADOS
VALUES (365,21,27,10);

INSERT INTO INTERESADOS
VALUES (366,21,27,10);

INSERT INTO INTERESADOS
VALUES (367,21,27,10);

INSERT INTO INTERESADOS
VALUES (368,21,27,10);

INSERT INTO INTERESADOS
VALUES (369,21,18,10);

INSERT INTO INTERESADOS
VALUES (370,21,18,10);

INSERT INTO INTERESADOS
VALUES (371,21,18,10);

INSERT INTO INTERESADOS
VALUES (372,21,18,10);

INSERT INTO INTERESADOS
VALUES (373,21,18,10);

INSERT INTO INTERESADOS
VALUES (374,21,18,10);

INSERT INTO INTERESADOS
VALUES (375,21,18,10);

INSERT INTO INTERESADOS
VALUES (376,21,8,10);

INSERT INTO INTERESADOS
VALUES (378,21,8,10);

INSERT INTO INTERESADOS
VALUES (379,21,8,10);

INSERT INTO INTERESADOS
VALUES (380,21,8,10);

INSERT INTO INTERESADOS
VALUES (381,21,8,10);

INSERT INTO INTERESADOS
VALUES (382,21,8,10);

INSERT INTO INTERESADOS
VALUES (383,21,32,11);

INSERT INTO INTERESADOS
VALUES (384,21,32,11);

INSERT INTO INTERESADOS
VALUES (385,21,32,11);

INSERT INTO INTERESADOS
VALUES (386,21,32,11);

INSERT INTO INTERESADOS
VALUES (387,21,32,11);

INSERT INTO INTERESADOS
VALUES (388,21,32,11);

INSERT INTO INTERESADOS
VALUES (389,21,32,11);

INSERT INTO INTERESADOS
VALUES (390,21,32,11);

INSERT INTO INTERESADOS
VALUES (391,21,32,11);

INSERT INTO INTERESADOS
VALUES (392,21,32,11);

INSERT INTO INTERESADOS
VALUES (393,21,3,11);

INSERT INTO INTERESADOS
VALUES (394,21,3,11);

INSERT INTO INTERESADOS
VALUES (395,21,3,11);

INSERT INTO INTERESADOS
VALUES (396,21,3,11);

INSERT INTO INTERESADOS
VALUES (397,21,3,11);

INSERT INTO INTERESADOS
VALUES (398,21,3,11);

INSERT INTO INTERESADOS
VALUES (399,21,3,11);

INSERT INTO INTERESADOS
VALUES (400,21,3,11);

INSERT INTO INTERESADOS
VALUES (401,21,3,11);

INSERT INTO INTERESADOS
VALUES (402,21,1,11);

INSERT INTO INTERESADOS
VALUES (403,21,1,11);

INSERT INTO INTERESADOS
VALUES (404,21,1,11);

INSERT INTO INTERESADOS
VALUES (405,21,1,11);

INSERT INTO INTERESADOS
VALUES (406,21,1,11);

INSERT INTO INTERESADOS
VALUES (407,21,1,11);

INSERT INTO INTERESADOS
VALUES (408,21,1,11);

INSERT INTO INTERESADOS
VALUES (409,21,1,11);

INSERT INTO INTERESADOS
VALUES (410,21,24,11);

INSERT INTO INTERESADOS
VALUES (411,21,24,11);

INSERT INTO INTERESADOS
VALUES (412,21,24,11);

INSERT INTO INTERESADOS
VALUES (413,21,24,11);

INSERT INTO INTERESADOS
VALUES (414,21,24,11);

INSERT INTO INTERESADOS
VALUES (415,21,24,11);

INSERT INTO INTERESADOS
VALUES (416,21,24,11);

INSERT INTO INTERESADOS
VALUES (417,21,2,11);

INSERT INTO INTERESADOS
VALUES (418,21,2,11);

INSERT INTO INTERESADOS
VALUES (419,21,2,11);

INSERT INTO INTERESADOS
VALUES (420,21,2,11);

INSERT INTO INTERESADOS
VALUES (421,21,2,11);

INSERT INTO INTERESADOS
VALUES (422,21,2,11);

INSERT INTO INTERESADOS
VALUES (423,21,4,12);

INSERT INTO INTERESADOS
VALUES (424,21,4,12);

INSERT INTO INTERESADOS
VALUES (425,21,4,12);

INSERT INTO INTERESADOS
VALUES (426,21,4,12);

INSERT INTO INTERESADOS
VALUES (427,21,4,12);

INSERT INTO INTERESADOS
VALUES (428,21,4,12);

INSERT INTO INTERESADOS
VALUES (429,21,4,12);

INSERT INTO INTERESADOS
VALUES (430,21,4,12);

INSERT INTO INTERESADOS
VALUES (431,21,4,12);

INSERT INTO INTERESADOS
VALUES (432,21,4,12);

INSERT INTO INTERESADOS
VALUES (433,21,32,12);

INSERT INTO INTERESADOS
VALUES (434,21,32,12);

INSERT INTO INTERESADOS
VALUES (435,21,32,12);

INSERT INTO INTERESADOS
VALUES (436,21,32,12);

INSERT INTO INTERESADOS
VALUES (437,21,32,12);

INSERT INTO INTERESADOS
VALUES (438,21,29,12);

INSERT INTO INTERESADOS
VALUES (439,21,29,12);

INSERT INTO INTERESADOS
VALUES (440,21,29,12);

INSERT INTO INTERESADOS
VALUES (441,21,29,12);

INSERT INTO INTERESADOS
VALUES (442,21,28,12);

INSERT INTO INTERESADOS
VALUES (443,21,28,12);

INSERT INTO INTERESADOS
VALUES (444,21,28,12);

INSERT INTO INTERESADOS
VALUES (445,21,32,13);

INSERT INTO INTERESADOS
VALUES (446,21,32,13);

INSERT INTO INTERESADOS
VALUES (447,21,32,13);

INSERT INTO INTERESADOS
VALUES (448,21,32,13);

INSERT INTO INTERESADOS
VALUES (449,21,32,13);

INSERT INTO INTERESADOS
VALUES (450,21,32,13);

INSERT INTO INTERESADOS
VALUES (451,21,32,13);

INSERT INTO INTERESADOS
VALUES (452,21,32,13);

INSERT INTO INTERESADOS
VALUES (453,21,32,13);

INSERT INTO INTERESADOS
VALUES (454,21,32,13);

INSERT INTO INTERESADOS
VALUES (455,21,4,13);

INSERT INTO INTERESADOS
VALUES (456,21,4,13);

INSERT INTO INTERESADOS
VALUES (457,21,4,13);

INSERT INTO INTERESADOS
VALUES (458,21,4,13);

INSERT INTO INTERESADOS
VALUES (459,21,4,13);

INSERT INTO INTERESADOS
VALUES (460,21,4,13);

INSERT INTO INTERESADOS
VALUES (461,21,4,13);

INSERT INTO INTERESADOS
VALUES (462,21,4,13);

INSERT INTO INTERESADOS
VALUES (463,21,4,13);

INSERT INTO INTERESADOS
VALUES (464,21,10,13);

INSERT INTO INTERESADOS
VALUES (465,21,10,13);

INSERT INTO INTERESADOS
VALUES (466,21,10,13);

INSERT INTO INTERESADOS
VALUES (467,21,10,13);

INSERT INTO INTERESADOS
VALUES (468,21,10,13);

INSERT INTO INTERESADOS
VALUES (469,21,10,13);

INSERT INTO INTERESADOS
VALUES (470,21,10,13);

INSERT INTO INTERESADOS
VALUES (471,21,10,13);

INSERT INTO INTERESADOS
VALUES (472,21,10,13);

INSERT INTO INTERESADOS
VALUES (473,21,29,13);

INSERT INTO INTERESADOS
VALUES (474,21,29,13);

INSERT INTO INTERESADOS
VALUES (475,21,29,13);

INSERT INTO INTERESADOS
VALUES (476,21,29,13);

INSERT INTO INTERESADOS
VALUES (477,21,29,13);

INSERT INTO INTERESADOS
VALUES (478,21,29,13);

INSERT INTO INTERESADOS
VALUES (479,21,29,13);

INSERT INTO INTERESADOS
VALUES (480,21,29,13);

INSERT INTO INTERESADOS
VALUES (481,21,23,13);

INSERT INTO INTERESADOS
VALUES (482,21,23,13);

INSERT INTO INTERESADOS
VALUES (483,21,23,13);

INSERT INTO INTERESADOS
VALUES (484,21,23,13);

INSERT INTO INTERESADOS
VALUES (485,21,23,13);

INSERT INTO INTERESADOS
VALUES (486,21,23,13);

INSERT INTO INTERESADOS
VALUES (487,21,23,13);

INSERT INTO INTERESADOS
VALUES (488,21,23,13);

INSERT INTO INTERESADOS
VALUES (489,21,18,14);

INSERT INTO INTERESADOS
VALUES (490,21,18,14);

INSERT INTO INTERESADOS
VALUES (491,21,18,14);

INSERT INTO INTERESADOS
VALUES (492,21,18,14);

INSERT INTO INTERESADOS
VALUES (493,21,18,14);

INSERT INTO INTERESADOS
VALUES (494,21,18,14);

INSERT INTO INTERESADOS
VALUES (495,21,18,14);

INSERT INTO INTERESADOS
VALUES (496,21,18,14);

INSERT INTO INTERESADOS
VALUES (497,21,18,14);

INSERT INTO INTERESADOS
VALUES (498,21,18,14);

INSERT INTO INTERESADOS
VALUES (499,21,9,14);

INSERT INTO INTERESADOS
VALUES (500,21,9,14);

INSERT INTO INTERESADOS
VALUES (501,21,9,14);

INSERT INTO INTERESADOS
VALUES (502,21,9,14);

INSERT INTO INTERESADOS
VALUES (503,21,9,14);

INSERT INTO INTERESADOS
VALUES (504,21,9,14);

INSERT INTO INTERESADOS
VALUES (506,21,9,14);

INSERT INTO INTERESADOS
VALUES (507,21,3,14);

INSERT INTO INTERESADOS
VALUES (508,21,3,14);

INSERT INTO INTERESADOS
VALUES (509,21,3,14);

INSERT INTO INTERESADOS
VALUES (510,21,3,14);

INSERT INTO INTERESADOS
VALUES (511,21,3,14);

INSERT INTO INTERESADOS
VALUES (512,21,3,14);

INSERT INTO INTERESADOS
VALUES (513,21,20,14);

INSERT INTO INTERESADOS
VALUES (514,21,20,14);

INSERT INTO INTERESADOS
VALUES (515,21,20,14);

INSERT INTO INTERESADOS
VALUES (516,21,20,14);

INSERT INTO INTERESADOS
VALUES (517,21,20,14);

INSERT INTO INTERESADOS
VALUES (518,21,23,14);

INSERT INTO INTERESADOS
VALUES (519,21,23,14);

INSERT INTO INTERESADOS
VALUES (520,21,23,14);

INSERT INTO INTERESADOS
VALUES (521,21,23,14);

INSERT INTO INTERESADOS
VALUES (522,21,23,14);

INSERT INTO INTERESADOS
VALUES (523,21,9,15);

INSERT INTO INTERESADOS
VALUES (524,21,9,15);

INSERT INTO INTERESADOS
VALUES (525,21,9,15);

INSERT INTO INTERESADOS
VALUES (526,21,9,15);

INSERT INTO INTERESADOS
VALUES (527,21,9,15);

INSERT INTO INTERESADOS
VALUES (528,21,9,15);

INSERT INTO INTERESADOS
VALUES (529,21,9,15);

INSERT INTO INTERESADOS
VALUES (530,21,9,15);

INSERT INTO INTERESADOS
VALUES (531,21,9,15);

INSERT INTO INTERESADOS
VALUES (532,21,9,15);

INSERT INTO INTERESADOS
VALUES (533,21,4,15);

INSERT INTO INTERESADOS
VALUES (534,21,4,15);

INSERT INTO INTERESADOS
VALUES (535,21,4,15);

INSERT INTO INTERESADOS
VALUES (536,21,4,15);

INSERT INTO INTERESADOS
VALUES (537,21,4,15);

INSERT INTO INTERESADOS
VALUES (538,21,4,15);

INSERT INTO INTERESADOS
VALUES (539,21,4,15);

INSERT INTO INTERESADOS
VALUES (540,21,4,15);

INSERT INTO INTERESADOS
VALUES (541,21,4,15);

INSERT INTO INTERESADOS
VALUES (542,21,24,15);

INSERT INTO INTERESADOS
VALUES (543,21,24,15);

INSERT INTO INTERESADOS
VALUES (544,21,24,15);

INSERT INTO INTERESADOS
VALUES (545,21,24,15);

INSERT INTO INTERESADOS
VALUES (546,21,24,15);

INSERT INTO INTERESADOS
VALUES (547,21,24,15);

INSERT INTO INTERESADOS
VALUES (548,21,24,15);

INSERT INTO INTERESADOS
VALUES (549,21,24,15);

INSERT INTO INTERESADOS
VALUES (550,21,24,15);

INSERT INTO INTERESADOS
VALUES (551,21,10,15);

INSERT INTO INTERESADOS
VALUES (552,21,10,15);

INSERT INTO INTERESADOS
VALUES (553,21,10,15);

INSERT INTO INTERESADOS
VALUES (554,21,10,15);

INSERT INTO INTERESADOS
VALUES (555,21,10,15);

INSERT INTO INTERESADOS
VALUES (556,21,10,15);

INSERT INTO INTERESADOS
VALUES (557,21,10,15);

INSERT INTO INTERESADOS
VALUES (558,21,10,15);

INSERT INTO INTERESADOS
VALUES (559,21,1,15);

INSERT INTO INTERESADOS
VALUES (560,21,1,15);

INSERT INTO INTERESADOS
VALUES (561,21,1,15);

INSERT INTO INTERESADOS
VALUES (562,21,1,15);

INSERT INTO INTERESADOS
VALUES (563,21,1,15);

INSERT INTO INTERESADOS
VALUES (564,21,1,15);

INSERT INTO INTERESADOS
VALUES (565,21,1,15);

INSERT INTO INTERESADOS
VALUES (566,21,1,15);

INSERT INTO INTERESADOS
VALUES (567,21,4,16);

INSERT INTO INTERESADOS
VALUES (568,21,4,16);

INSERT INTO INTERESADOS
VALUES (569,21,4,16);

INSERT INTO INTERESADOS
VALUES (570,21,4,16);

INSERT INTO INTERESADOS
VALUES (571,21,4,16);

INSERT INTO INTERESADOS
VALUES (572,21,4,16);

INSERT INTO INTERESADOS
VALUES (573,21,4,16);

INSERT INTO INTERESADOS
VALUES (574,21,4,16);

INSERT INTO INTERESADOS
VALUES (575,21,4,16);

INSERT INTO INTERESADOS
VALUES (576,21,4,16);

INSERT INTO INTERESADOS
VALUES (577,21,24,16);

INSERT INTO INTERESADOS
VALUES (578,21,24,16);

INSERT INTO INTERESADOS
VALUES (579,21,24,16);

INSERT INTO INTERESADOS
VALUES (580,21,24,16);

INSERT INTO INTERESADOS
VALUES (581,21,24,16);

INSERT INTO INTERESADOS
VALUES (582,21,24,16);

INSERT INTO INTERESADOS
VALUES (583,21,24,16);

INSERT INTO INTERESADOS
VALUES (584,21,24,16);

INSERT INTO INTERESADOS
VALUES (585,21,24,16);

INSERT INTO INTERESADOS
VALUES (586,21,5,16);

INSERT INTO INTERESADOS
VALUES (587,21,5,16);

INSERT INTO INTERESADOS
VALUES (588,21,5,16);

INSERT INTO INTERESADOS
VALUES (589,21,5,16);

INSERT INTO INTERESADOS
VALUES (590,21,5,16);

INSERT INTO INTERESADOS
VALUES (591,21,5,16);

INSERT INTO INTERESADOS
VALUES (592,21,5,16);

INSERT INTO INTERESADOS
VALUES (593,21,5,16);

INSERT INTO INTERESADOS
VALUES (594,21,20,16);

INSERT INTO INTERESADOS
VALUES (595,21,20,16);

INSERT INTO INTERESADOS
VALUES (596,21,20,16);

INSERT INTO INTERESADOS
VALUES (597,21,20,16);

INSERT INTO INTERESADOS
VALUES (598,21,20,16);

INSERT INTO INTERESADOS
VALUES (599,21,20,16);

INSERT INTO INTERESADOS
VALUES (600,21,28,16);

INSERT INTO INTERESADOS
VALUES (601,21,28,16);

INSERT INTO INTERESADOS
VALUES (602,21,28,16);

INSERT INTO INTERESADOS
VALUES (603,21,28,16);

INSERT INTO INTERESADOS
VALUES (604,21,28,16);

INSERT INTO INTERESADOS
VALUES (605,21,4,17);

INSERT INTO INTERESADOS
VALUES (606,21,4,17);

INSERT INTO INTERESADOS
VALUES (607,21,4,17);

INSERT INTO INTERESADOS
VALUES (608,21,4,17);

INSERT INTO INTERESADOS
VALUES (609,21,4,17);

INSERT INTO INTERESADOS
VALUES (610,21,4,17);

INSERT INTO INTERESADOS
VALUES (611,21,4,17);

INSERT INTO INTERESADOS
VALUES (612,21,4,17);

INSERT INTO INTERESADOS
VALUES (613,21,4,17);

INSERT INTO INTERESADOS
VALUES (614,21,4,17);

INSERT INTO INTERESADOS
VALUES (615,21,27,17);

INSERT INTO INTERESADOS
VALUES (616,21,27,17);

INSERT INTO INTERESADOS
VALUES (617,21,27,17);

INSERT INTO INTERESADOS
VALUES (618,21,27,17);

INSERT INTO INTERESADOS
VALUES (619,21,27,17);

INSERT INTO INTERESADOS
VALUES (620,21,27,17);

INSERT INTO INTERESADOS
VALUES (621,21,27,17);

INSERT INTO INTERESADOS
VALUES (622,21,27,17);

INSERT INTO INTERESADOS
VALUES (623,21,24,17);

INSERT INTO INTERESADOS
VALUES (624,21,24,17);

INSERT INTO INTERESADOS
VALUES (625,21,24,17);

INSERT INTO INTERESADOS
VALUES (626,21,24,17);

INSERT INTO INTERESADOS
VALUES (627,21,24,17);

INSERT INTO INTERESADOS
VALUES (628,21,24,17);

INSERT INTO INTERESADOS
VALUES (629,21,5,17);

INSERT INTO INTERESADOS
VALUES (630,21,5,17);

INSERT INTO INTERESADOS
VALUES (631,21,5,17);

INSERT INTO INTERESADOS
VALUES (632,21,5,17);

INSERT INTO INTERESADOS
VALUES (633,21,5,17);

INSERT INTO INTERESADOS
VALUES (634,21,1,17);

INSERT INTO INTERESADOS
VALUES (635,21,1,17);

INSERT INTO INTERESADOS
VALUES (636,21,1,17);

INSERT INTO INTERESADOS
VALUES (637,21,1,17);

INSERT INTO INTERESADOS
VALUES (638,21,32,18);

INSERT INTO INTERESADOS
VALUES (639,21,32,18);

INSERT INTO INTERESADOS
VALUES (640,21,32,18);

INSERT INTO INTERESADOS
VALUES (641,21,32,18);

INSERT INTO INTERESADOS
VALUES (642,21,32,18);

INSERT INTO INTERESADOS
VALUES (643,21,32,18);

INSERT INTO INTERESADOS
VALUES (644,21,32,18);

INSERT INTO INTERESADOS
VALUES (645,21,32,18);

INSERT INTO INTERESADOS
VALUES (646,21,32,18);

INSERT INTO INTERESADOS
VALUES (647,21,32,18);

INSERT INTO INTERESADOS
VALUES (648,21,5,18);

INSERT INTO INTERESADOS
VALUES (649,21,5,18);

INSERT INTO INTERESADOS
VALUES (650,21,5,18);

INSERT INTO INTERESADOS
VALUES (651,21,5,18);

INSERT INTO INTERESADOS
VALUES (652,21,5,18);

INSERT INTO INTERESADOS
VALUES (653,21,5,18);

INSERT INTO INTERESADOS
VALUES (654,21,5,18);

INSERT INTO INTERESADOS
VALUES (655,21,5,18);

INSERT INTO INTERESADOS
VALUES (656,21,5,18);

INSERT INTO INTERESADOS
VALUES (657,21,17,18);

INSERT INTO INTERESADOS
VALUES (658,21,17,18);

INSERT INTO INTERESADOS
VALUES (659,21,17,18);

INSERT INTO INTERESADOS
VALUES (660,21,17,18);

INSERT INTO INTERESADOS
VALUES (661,21,17,18);

INSERT INTO INTERESADOS
VALUES (662,21,17,18);

INSERT INTO INTERESADOS
VALUES (663,21,17,18);

INSERT INTO INTERESADOS
VALUES (664,21,12,18);

INSERT INTO INTERESADOS
VALUES (665,21,12,18);

INSERT INTO INTERESADOS
VALUES (666,21,12,18);

INSERT INTO INTERESADOS
VALUES (667,21,12,18);

INSERT INTO INTERESADOS
VALUES (668,21,12,18);

INSERT INTO INTERESADOS
VALUES (669,21,12,18);

INSERT INTO INTERESADOS
VALUES (670,21,2,18);

INSERT INTO INTERESADOS
VALUES (671,21,2,18);

INSERT INTO INTERESADOS
VALUES (672,21,2,18);

INSERT INTO INTERESADOS
VALUES (673,21,2,18);

INSERT INTO INTERESADOS
VALUES (674,21,2,18);

INSERT INTO INTERESADOS
VALUES (675,21,32,19);

INSERT INTO INTERESADOS
VALUES (676,21,32,19);

INSERT INTO INTERESADOS
VALUES (677,21,32,19);

INSERT INTO INTERESADOS
VALUES (678,21,32,19);

INSERT INTO INTERESADOS
VALUES (679,21,32,19);

INSERT INTO INTERESADOS
VALUES (680,21,32,19);

INSERT INTO INTERESADOS
VALUES (681,21,32,19);

INSERT INTO INTERESADOS
VALUES (682,21,32,19);

INSERT INTO INTERESADOS
VALUES (683,21,32,19);

INSERT INTO INTERESADOS
VALUES (684,21,32,19);

INSERT INTO INTERESADOS
VALUES (685,21,28,19);

INSERT INTO INTERESADOS
VALUES (686,21,28,19);

INSERT INTO INTERESADOS
VALUES (687,21,28,19);

INSERT INTO INTERESADOS
VALUES (688,21,28,19);

INSERT INTO INTERESADOS
VALUES (689,21,28,19);

INSERT INTO INTERESADOS
VALUES (690,21,28,19);

INSERT INTO INTERESADOS
VALUES (691,21,28,19);

INSERT INTO INTERESADOS
VALUES (692,21,28,19);

INSERT INTO INTERESADOS
VALUES (693,21,28,19);

INSERT INTO INTERESADOS
VALUES (694,21,24,19);

INSERT INTO INTERESADOS
VALUES (695,21,24,19);

INSERT INTO INTERESADOS
VALUES (696,21,24,19);

INSERT INTO INTERESADOS
VALUES (697,21,24,19);

INSERT INTO INTERESADOS
VALUES (698,21,24,19);

INSERT INTO INTERESADOS
VALUES (699,21,24,19);

INSERT INTO INTERESADOS
VALUES (700,21,24,19);

INSERT INTO INTERESADOS
VALUES (701,21,24,19);

INSERT INTO INTERESADOS
VALUES (702,21,24,19);

INSERT INTO INTERESADOS
VALUES (703,21,10,19);

INSERT INTO INTERESADOS
VALUES (704,21,10,19);

INSERT INTO INTERESADOS
VALUES (705,21,10,19);

INSERT INTO INTERESADOS
VALUES (706,21,10,19);

INSERT INTO INTERESADOS
VALUES (707,21,10,19);

INSERT INTO INTERESADOS
VALUES (708,21,10,19);

INSERT INTO INTERESADOS
VALUES (709,21,10,19);

INSERT INTO INTERESADOS
VALUES (710,21,31,19);

INSERT INTO INTERESADOS
VALUES (711,21,31,19);

INSERT INTO INTERESADOS
VALUES (712,21,31,19);

INSERT INTO INTERESADOS
VALUES (713,21,31,19);

INSERT INTO INTERESADOS
VALUES (714,21,31,19);

INSERT INTO INTERESADOS
VALUES (715,21,31,19);

INSERT INTO INTERESADOS
VALUES (716,21,28,20);

INSERT INTO INTERESADOS
VALUES (717,21,28,20);

INSERT INTO INTERESADOS
VALUES (718,21,28,20);

INSERT INTO INTERESADOS
VALUES (719,21,28,20);

INSERT INTO INTERESADOS
VALUES (720,21,28,20);

INSERT INTO INTERESADOS
VALUES (721,21,28,20);

INSERT INTO INTERESADOS
VALUES (722,21,28,20);

INSERT INTO INTERESADOS
VALUES (723,21,28,20);

INSERT INTO INTERESADOS
VALUES (724,21,28,20);

INSERT INTO INTERESADOS
VALUES (725,21,28,20);

INSERT INTO INTERESADOS
VALUES (726,21,10,20);

INSERT INTO INTERESADOS
VALUES (727,21,10,20);

INSERT INTO INTERESADOS
VALUES (728,21,10,20);

INSERT INTO INTERESADOS
VALUES (729,21,10,20);

INSERT INTO INTERESADOS
VALUES (730,21,10,20);

INSERT INTO INTERESADOS
VALUES (731,21,10,20);

INSERT INTO INTERESADOS
VALUES (732,21,10,20);

INSERT INTO INTERESADOS
VALUES (733,21,10,20);

INSERT INTO INTERESADOS
VALUES (734,21,10,20);

INSERT INTO INTERESADOS
VALUES (735,21,4,20);

INSERT INTO INTERESADOS
VALUES (736,21,4,20);

INSERT INTO INTERESADOS
VALUES (737,21,4,20);

INSERT INTO INTERESADOS
VALUES (738,21,4,20);

INSERT INTO INTERESADOS
VALUES (739,21,4,20);

INSERT INTO INTERESADOS
VALUES (740,21,4,20);

INSERT INTO INTERESADOS
VALUES (741,21,4,20);

INSERT INTO INTERESADOS
VALUES (742,21,4,20);

INSERT INTO INTERESADOS
VALUES (743,21,27,20);

INSERT INTO INTERESADOS
VALUES (744,21,27,20);

INSERT INTO INTERESADOS
VALUES (745,21,27,20);

INSERT INTO INTERESADOS
VALUES (746,21,27,20);

INSERT INTO INTERESADOS
VALUES (747,21,27,20);

INSERT INTO INTERESADOS
VALUES (748,21,27,20);

INSERT INTO INTERESADOS
VALUES (749,21,3,20);

INSERT INTO INTERESADOS
VALUES (750,21,3,20);

INSERT INTO INTERESADOS
VALUES (751,21,3,20);

INSERT INTO INTERESADOS
VALUES (752,21,3,20);

INSERT INTO INTERESADOS
VALUES (753,21,3,20);

INSERT INTO INTERESADOS
VALUES (754,21,29,21);

INSERT INTO INTERESADOS
VALUES (755,21,29,21);

INSERT INTO INTERESADOS
VALUES (756,21,29,21);

INSERT INTO INTERESADOS
VALUES (757,21,29,21);

INSERT INTO INTERESADOS
VALUES (758,21,29,21);

INSERT INTO INTERESADOS
VALUES (759,21,29,21);

INSERT INTO INTERESADOS
VALUES (760,21,29,21);

INSERT INTO INTERESADOS
VALUES (761,21,29,21);

INSERT INTO INTERESADOS
VALUES (762,21,29,21);

INSERT INTO INTERESADOS
VALUES (763,21,29,21);

INSERT INTO INTERESADOS
VALUES (764,21,3,21);

INSERT INTO INTERESADOS
VALUES (765,21,3,21);

INSERT INTO INTERESADOS
VALUES (766,21,3,21);

INSERT INTO INTERESADOS
VALUES (767,21,3,21);

INSERT INTO INTERESADOS
VALUES (768,21,3,21);

INSERT INTO INTERESADOS
VALUES (769,21,3,21);

INSERT INTO INTERESADOS
VALUES (770,21,5,21);

INSERT INTO INTERESADOS
VALUES (771,21,5,21);

INSERT INTO INTERESADOS
VALUES (772,21,5,21);

INSERT INTO INTERESADOS
VALUES (773,21,5,21);

INSERT INTO INTERESADOS
VALUES (774,21,5,21);

INSERT INTO INTERESADOS
VALUES (775,21,1,21);

INSERT INTO INTERESADOS
VALUES (776,21,1,21);

INSERT INTO INTERESADOS
VALUES (777,21,1,21);

INSERT INTO INTERESADOS
VALUES (778,21,1,21);

INSERT INTO INTERESADOS
VALUES (779,21,17,21);

INSERT INTO INTERESADOS
VALUES (780,21,17,21);

INSERT INTO INTERESADOS
VALUES (781,21,17,21);

INSERT INTO INTERESADOS
VALUES (782,21,17,21);

INSERT INTO INTERESADOS
VALUES (783,21,32,22);

INSERT INTO INTERESADOS
VALUES (784,21,32,22);

INSERT INTO INTERESADOS
VALUES (785,21,32,22);

INSERT INTO INTERESADOS
VALUES (786,21,32,22);

INSERT INTO INTERESADOS
VALUES (787,21,32,22);

INSERT INTO INTERESADOS
VALUES (788,21,32,22);

INSERT INTO INTERESADOS
VALUES (789,21,32,22);

INSERT INTO INTERESADOS
VALUES (790,21,32,22);

INSERT INTO INTERESADOS
VALUES (791,21,32,22);

INSERT INTO INTERESADOS
VALUES (792,21,32,22);

INSERT INTO INTERESADOS
VALUES (793,21,4,22);

INSERT INTO INTERESADOS
VALUES (794,21,4,22);

INSERT INTO INTERESADOS
VALUES (795,21,4,22);

INSERT INTO INTERESADOS
VALUES (796,21,4,22);

INSERT INTO INTERESADOS
VALUES (797,21,4,22);

INSERT INTO INTERESADOS
VALUES (798,21,4,22);

INSERT INTO INTERESADOS
VALUES (799,21,4,22);

INSERT INTO INTERESADOS
VALUES (800,21,4,22);

INSERT INTO INTERESADOS
VALUES (801,21,4,22);

INSERT INTO INTERESADOS
VALUES (802,21,27,22);

INSERT INTO INTERESADOS
VALUES (803,21,27,22);

INSERT INTO INTERESADOS
VALUES (804,21,27,22);

INSERT INTO INTERESADOS
VALUES (805,21,27,22);

INSERT INTO INTERESADOS
VALUES (806,21,27,22);

INSERT INTO INTERESADOS
VALUES (807,21,27,22);

INSERT INTO INTERESADOS
VALUES (808,21,27,22);

INSERT INTO INTERESADOS
VALUES (809,21,27,22);

INSERT INTO INTERESADOS
VALUES (810,21,17,22);

INSERT INTO INTERESADOS
VALUES (811,21,17,22);

INSERT INTO INTERESADOS
VALUES (812,21,17,22);

INSERT INTO INTERESADOS
VALUES (813,21,17,22);

INSERT INTO INTERESADOS
VALUES (814,21,17,22);

INSERT INTO INTERESADOS
VALUES (815,21,17,22);

INSERT INTO INTERESADOS
VALUES (816,21,18,22);

INSERT INTO INTERESADOS
VALUES (817,21,18,22);

INSERT INTO INTERESADOS
VALUES (818,21,18,22);

INSERT INTO INTERESADOS
VALUES (819,21,18,22);

INSERT INTO INTERESADOS
VALUES (820,21,18,22);

INSERT INTO INTERESADOS
VALUES (821,21,4,23);

INSERT INTO INTERESADOS
VALUES (822,21,4,23);

INSERT INTO INTERESADOS
VALUES (823,21,4,23);

INSERT INTO INTERESADOS
VALUES (824,21,4,23);

INSERT INTO INTERESADOS
VALUES (825,21,4,23);

INSERT INTO INTERESADOS
VALUES (826,21,4,23);

INSERT INTO INTERESADOS
VALUES (827,21,4,23);

INSERT INTO INTERESADOS
VALUES (828,21,4,23);

INSERT INTO INTERESADOS
VALUES (829,21,4,23);

INSERT INTO INTERESADOS
VALUES (830,21,4,23);

INSERT INTO INTERESADOS
VALUES (831,21,9,23);

INSERT INTO INTERESADOS
VALUES (832,21,9,23);

INSERT INTO INTERESADOS
VALUES (833,21,9,23);

INSERT INTO INTERESADOS
VALUES (834,21,9,23);

INSERT INTO INTERESADOS
VALUES (835,21,9,23);

INSERT INTO INTERESADOS
VALUES (836,21,9,23);

INSERT INTO INTERESADOS
VALUES (837,21,9,23);

INSERT INTO INTERESADOS
VALUES (838,21,9,23);

INSERT INTO INTERESADOS
VALUES (839,21,9,23);

INSERT INTO INTERESADOS
VALUES (840,21,27,23);

INSERT INTO INTERESADOS
VALUES (841,21,27,23);

INSERT INTO INTERESADOS
VALUES (842,21,27,23);

INSERT INTO INTERESADOS
VALUES (843,21,27,23);

INSERT INTO INTERESADOS
VALUES (844,21,27,23);

INSERT INTO INTERESADOS
VALUES (845,21,31,23);

INSERT INTO INTERESADOS
VALUES (846,21,31,23);

INSERT INTO INTERESADOS
VALUES (847,21,31,23);

INSERT INTO INTERESADOS
VALUES (848,21,31,23);

INSERT INTO INTERESADOS
VALUES (849,21,5,23);

INSERT INTO INTERESADOS
VALUES (850,21,5,23);

INSERT INTO INTERESADOS
VALUES (851,21,5,23);

INSERT INTO INTERESADOS
VALUES (852,21,5,23);

INSERT INTO INTERESADOS
VALUES (853,21,3,24);

INSERT INTO INTERESADOS
VALUES (854,21,3,24);

INSERT INTO INTERESADOS
VALUES (855,21,3,24);

INSERT INTO INTERESADOS
VALUES (856,21,3,24);

INSERT INTO INTERESADOS
VALUES (857,21,3,24);

INSERT INTO INTERESADOS
VALUES (858,21,3,24);

INSERT INTO INTERESADOS
VALUES (859,21,3,24);

INSERT INTO INTERESADOS
VALUES (860,21,3,24);

INSERT INTO INTERESADOS
VALUES (861,21,3,24);

INSERT INTO INTERESADOS
VALUES (862,21,3,24);

INSERT INTO INTERESADOS
VALUES (863,21,16,24);

INSERT INTO INTERESADOS
VALUES (864,21,16,24);

INSERT INTO INTERESADOS
VALUES (865,21,16,24);

INSERT INTO INTERESADOS
VALUES (866,21,16,24);

INSERT INTO INTERESADOS
VALUES (867,21,16,24);

INSERT INTO INTERESADOS
VALUES (868,21,16,24);

INSERT INTO INTERESADOS
VALUES (869,21,16,24);

INSERT INTO INTERESADOS
VALUES (870,21,16,24);

INSERT INTO INTERESADOS
VALUES (871,21,16,24);

INSERT INTO INTERESADOS
VALUES (872,21,28,24);

INSERT INTO INTERESADOS
VALUES (873,21,28,24);

INSERT INTO INTERESADOS
VALUES (874,21,28,24);

INSERT INTO INTERESADOS
VALUES (875,21,28,24);

INSERT INTO INTERESADOS
VALUES (876,21,28,24);

INSERT INTO INTERESADOS
VALUES (877,21,28,24);

INSERT INTO INTERESADOS
VALUES (878,21,28,24);

INSERT INTO INTERESADOS
VALUES (879,21,31,24);

INSERT INTO INTERESADOS
VALUES (880,21,31,24);

INSERT INTO INTERESADOS
VALUES (881,21,31,24);

INSERT INTO INTERESADOS
VALUES (882,21,31,24);

INSERT INTO INTERESADOS
VALUES (883,21,31,24);

INSERT INTO INTERESADOS
VALUES (884,21,31,24);

INSERT INTO INTERESADOS
VALUES (885,21,29,24);

INSERT INTO INTERESADOS
VALUES (886,21,29,24);

INSERT INTO INTERESADOS
VALUES (887,21,29,24);

INSERT INTO INTERESADOS
VALUES (888,21,29,24);

INSERT INTO INTERESADOS
VALUES (889,21,29,24);

INSERT INTO INTERESADOS
VALUES (890,21,29,24);

INSERT INTO INTERESADOS
VALUES (891,21,4,25);

INSERT INTO INTERESADOS
VALUES (892,21,4,25);

INSERT INTO INTERESADOS
VALUES (893,21,4,25);

INSERT INTO INTERESADOS
VALUES (894,21,4,25);

INSERT INTO INTERESADOS
VALUES (895,21,4,25);

INSERT INTO INTERESADOS
VALUES (896,21,4,25);

INSERT INTO INTERESADOS
VALUES (897,21,4,25);

INSERT INTO INTERESADOS
VALUES (898,21,4,25);

INSERT INTO INTERESADOS
VALUES (899,21,4,25);

INSERT INTO INTERESADOS
VALUES (900,21,4,25);

INSERT INTO INTERESADOS
VALUES (901,21,23,25);

INSERT INTO INTERESADOS
VALUES (902,21,23,25);

INSERT INTO INTERESADOS
VALUES (903,21,23,25);

INSERT INTO INTERESADOS
VALUES (904,21,23,25);

INSERT INTO INTERESADOS
VALUES (905,21,23,25);

INSERT INTO INTERESADOS
VALUES (906,21,27,25);

INSERT INTO INTERESADOS
VALUES (907,21,27,25);

INSERT INTO INTERESADOS
VALUES (908,21,27,25);

INSERT INTO INTERESADOS
VALUES (909,21,27,25);

INSERT INTO INTERESADOS
VALUES (910,21,3,25);

INSERT INTO INTERESADOS
VALUES (911,21,3,25);

INSERT INTO INTERESADOS
VALUES (912,21,3,25);

INSERT INTO INTERESADOS
VALUES (913,21,31,25);

INSERT INTO INTERESADOS
VALUES (914,21,31,25);

INSERT INTO INTERESADOS
VALUES (915,21,31,25);












